{"schemaVersion":"1.0","appDefinitionTemplate":{"id":"/providers/Microsoft.PowerApps/apps/","type":"Microsoft.PowerApps/apps","tags":{"primaryDeviceWidth":"1366","primaryDeviceHeight":"768","supportsPortrait":"true","supportsLandscape":"true","primaryFormFactor":"Tablet","publisherVersion":"3.23011.20","minimumRequiredApiVersion":"2.2.0","hasComponent":"true","hasUnlockedComponent":"true","isUnifiedRootApp":"false","sienaVersion":"20230123T032700Z-3.23011.20.0"},"properties":{"appVersion":"2023-01-23T03:27:00Z","lifeCycleId":"Published","createdByClientVersion":{"major":3,"minor":23011,"build":20,"revision":0,"majorRevision":0,"minorRevision":0},"minClientVersion":{"major":3,"minor":23011,"build":20,"revision":0,"majorRevision":0,"minorRevision":0},"backgroundColor":"rgba(202, 202, 202, 1)","backgroundImageUri":"/8964143986898555843/Na20bc3e9-2074-49eb-b4c0-3780159b219c-logoSmallFile","displayName":"Launch Pad","description":"Launch Pad App is hub for launching Apps and websites.","commitMessage":"","appUris":{"documentUri":{"value":"/8964143986898555843/Na8df3f54-4dc3-4ae7-8c53-fa52204d0405-document.msapp"},"imageUris":[],"additionalUris":[]},"createdTime":"0001-01-01T00:00:00Z","lastModifiedTime":"0001-01-01T00:00:00Z","sharedGroupsCount":0,"sharedUsersCount":0,"icons":{"smallIconUri":"/8964143986898555843/N72ccd426-2ad3-4976-8f4b-ef60bd19bbed-small.png","mediumIconUri":"/8964143986898555843/Nefb13758-420f-436f-aab4-7259b7689cfd-medium.png","largeIconUri":"/8964143986898555843/Na4e22045-86d7-41aa-ac1c-11c6d88a6dd4-large.png","wideIconUri":"/8964143986898555843/N2fff0033-013b-4c26-95b5-61a37450d4da-wide.png"},"connectionReferences":{"21c2e5af-17c3-4913-aad7-e848bbd08a2e":{"id":"2c0d6a5b-af9e-49ce-afca-9ad21f458af7","displayName":"Office 365 Users","iconUri":"https://connectoricons-prod.azureedge.net/releases/v1.0.1611/1.0.1611.3104/office365users/icon.png","dataSources":["Office365Users"],"dependencies":[],"dependents":[],"parameterHints":{},"parameterHintsV2":{},"isOnPremiseConnection":false,"bypassConsent":false,"dataSets":{},"apiTier":"Standard","isCustomApiConnection":false,"actions":["UserProfile"]},"e8bc5507-e4d6-4bca-99bc-26585b969dea":{"id":"d8da110a-d3f6-40bb-8bc4-5f4154229891","displayName":"Power Apps for Admins","iconUri":"https://connectoricons-prod.azureedge.net/releases/v1.0.1591/1.0.1591.2961/powerappsforadmins/icon.png","dataSources":["PowerAppsforAdmins"],"dependencies":[],"dependents":[],"parameterHints":{},"parameterHintsV2":{},"isOnPremiseConnection":false,"bypassConsent":false,"dataSets":{},"apiTier":"Standard","isCustomApiConnection":false},"cb911f22-b067-419b-a988-492b376c3f76":{"id":"6eaf8b58-59df-47c1-a724-c9e21c4ffa17","displayName":"Power Apps for Makers","iconUri":"https://connectoricons-prod.azureedge.net/releases/v1.0.1551/1.0.1551.2693/powerappsforappmakers/icon.png","dataSources":["PowerAppsforMakers"],"dependencies":[],"dependents":[],"parameterHints":{},"parameterHintsV2":{},"isOnPremiseConnection":false,"bypassConsent":false,"dataSets":{},"apiTier":"Standard","isCustomApiConnection":false},"ecd08beb-5d0c-404d-b9a0-4c741527baf6":{"id":"f52280f7-a983-4ff3-aade-7e7d9339970b","displayName":"SharePoint","iconUri":"https://connectoricons-prod.azureedge.net/u/juanq/gateway/greyhound/3000.150.11/1.0.1613.3116/sharepointonline/icon.png","dataSources":["LaunchPadApp"],"dependencies":[],"dependents":[],"parameterHints":{},"parameterHintsV2":{},"isOnPremiseConnection":false,"bypassConsent":false,"dataSets":{"https://gov210645.sharepoint.com/sites/PowerAppControlCenter":{"dataSources":{"LaunchPadApp":{"tableName":"36cfd937-a9d9-432e-956e-5b18915a7775"}}}},"apiTier":"Standard","isCustomApiConnection":false,"actions":["providers/PowerPlatform.Governance/Operations/Read","providers/PowerPlatform.Governance/Operations/Write","providers/PowerPlatform.Governance/Operations/Delete"]}},"databaseReferences":{},"almMode":"Solution","performanceOptimizationEnabled":true,"canConsumeAppPass":true,"enableModernRuntimeMode":false,"executionRestrictions":{"isTeamsOnly":false,"dataLossPreventionEvaluationResult":{"status":"Compliant","lastEvaluationDate":"2022-12-08T02:49:07.6891065Z","violations":[],"violationsByPolicy":[],"violationErrorMessage":"The app uses the following connectors: shared_sharepointonline, shared_office365users, shared_powerappsforadmins, shared_powerappsforappmakers."}}},"appType":"ClassicCanvasApp","appComponents":[]}}