{
  "properties": {
    "connectionReferences": {
      "shared_sharepointonline": {
        "runtimeSource": "embedded",
        "connection": {
          "connectionReferenceLogicalName": "new_sharedsharepointonline_88c93"
        },
        "api": {
          "name": "shared_sharepointonline"
        }
      },
      "shared_powerappsforappmakers": {
        "runtimeSource": "embedded",
        "connection": {
          "connectionReferenceLogicalName": "uat_sharedpowerappsforappmakers_79605"
        },
        "api": {
          "name": "shared_powerappsforappmakers"
        }
      }
    },
    "definition": {
      "$schema": "https://schema.management.azure.com/providers/Microsoft.Logic/schemas/2016-06-01/workflowdefinition.json#",
      "contentVersion": "1.0.0.0",
      "parameters": {
        "$connections": {
          "defaultValue": {},
          "type": "Object"
        },
        "$authentication": {
          "defaultValue": {},
          "type": "SecureObject"
        }
      },
      "triggers": {
        "Recurrence": {
          "recurrence": {
            "frequency": "Hour",
            "interval": 1,
            "startTime": "2023-01-23T16:00:00Z"
          },
          "metadata": {
            "operationMetadataId": "05b1dceb-0b72-49d2-aeb5-77b01b9830a7"
          },
          "type": "Recurrence"
        }
      },
      "actions": {
        "Initialize_variable_-_varSiteUrl": {
          "runAfter": {},
          "metadata": {
            "operationMetadataId": "07c74f1a-a200-4cac-b5c0-7a47425dc1ca"
          },
          "type": "InitializeVariable",
          "inputs": {
            "variables": [
              {
                "name": "varSiteUrl",
                "type": "string",
                "value": "https://gov210645.sharepoint.com/sites/PowerAppControlCenter"
              }
            ]
          }
        },
        "Initialize_variable_-_varListName": {
          "runAfter": {
            "Initialize_variable_-_varSiteUrl": [
              "Succeeded"
            ]
          },
          "metadata": {
            "operationMetadataId": "c2ecd78e-f7fb-420e-84ae-e6b0c64edea6"
          },
          "type": "InitializeVariable",
          "inputs": {
            "variables": [
              {
                "name": "varListName",
                "type": "string",
                "value": "LaunchPadApp"
              }
            ]
          }
        },
        "Get_items": {
          "runAfter": {
            "Initialize_variable_-_varListName": [
              "Succeeded"
            ]
          },
          "metadata": {
            "operationMetadataId": "340c7fb6-dd61-4c6d-803e-55a7ce4e99ff"
          },
          "type": "OpenApiConnection",
          "inputs": {
            "host": {
              "connectionName": "shared_sharepointonline",
              "operationId": "GetItems",
              "apiId": "/providers/Microsoft.PowerApps/apis/shared_sharepointonline"
            },
            "parameters": {
              "dataset": "@variables('varSiteUrl')",
              "table": "@variables('varListName')",
              "$filter": "AppType eq 'Power App'"
            },
            "authentication": "@parameters('$authentication')"
          }
        },
        "Compose": {
          "runAfter": {
            "Get_items": [
              "Succeeded"
            ]
          },
          "metadata": {
            "operationMetadataId": "0f7b0f68-b56a-412c-b9a3-e5a0cfc16994"
          },
          "type": "Compose",
          "inputs": "@outputs('Get_items')?['body/value']"
        },
        "Parse_JSON": {
          "runAfter": {
            "Compose": [
              "Succeeded"
            ]
          },
          "metadata": {
            "operationMetadataId": "41c36694-720c-4934-879d-8f8f306634a0"
          },
          "type": "ParseJson",
          "inputs": {
            "content": "@outputs('Get_items')?['body/value']",
            "schema": {
              "type": "array",
              "items": {
                "type": "object",
                "properties": {
                  "@@odata.etag": {
                    "type": "string"
                  },
                  "ItemInternalId": {
                    "type": "string"
                  },
                  "ID": {
                    "type": "integer"
                  },
                  "Title": {
                    "type": "string"
                  },
                  "AppStatus": {
                    "type": "object",
                    "properties": {
                      "@@odata.type": {
                        "type": "string"
                      },
                      "Id": {
                        "type": "integer"
                      },
                      "Value": {
                        "type": "string"
                      }
                    }
                  },
                  "AppStatus#Id": {
                    "type": "integer"
                  },
                  "Created": {
                    "type": "string"
                  },
                  "AppUrl": {
                    "type": "string"
                  },
                  "AppDescription": {
                    "type": "string"
                  },
                  "AppOwner": {
                    "type": "object",
                    "properties": {
                      "@@odata.type": {
                        "type": "string"
                      },
                      "Claims": {
                        "type": "string"
                      },
                      "DisplayName": {
                        "type": "string"
                      },
                      "Email": {
                        "type": "string"
                      },
                      "Picture": {
                        "type": "string"
                      },
                      "Department": {
                        "type": "string"
                      },
                      "JobTitle": {}
                    }
                  },
                  "AppOwner#Claims": {
                    "type": "string"
                  },
                  "Audience": {
                    "type": "string"
                  },
                  "LicenseDesignation": {
                    "type": "string"
                  },
                  "AppType": {
                    "type": "string"
                  },
                  "AppVersion": {
                    "type": "string"
                  },
                  "Modified": {
                    "type": "string"
                  },
                  "Author": {
                    "type": "object",
                    "properties": {
                      "@@odata.type": {
                        "type": "string"
                      },
                      "Claims": {
                        "type": "string"
                      },
                      "DisplayName": {
                        "type": "string"
                      },
                      "Email": {
                        "type": "string"
                      },
                      "Picture": {
                        "type": "string"
                      },
                      "Department": {
                        "type": "string"
                      },
                      "JobTitle": {}
                    }
                  },
                  "Author#Claims": {
                    "type": "string"
                  },
                  "Editor": {
                    "type": "object",
                    "properties": {
                      "@@odata.type": {
                        "type": "string"
                      },
                      "Claims": {
                        "type": "string"
                      },
                      "DisplayName": {
                        "type": "string"
                      },
                      "Email": {
                        "type": "string"
                      },
                      "Picture": {
                        "type": "string"
                      },
                      "Department": {
                        "type": "string"
                      },
                      "JobTitle": {}
                    }
                  },
                  "Editor#Claims": {
                    "type": "string"
                  },
                  "{Identifier}": {
                    "type": "string"
                  },
                  "{IsFolder}": {
                    "type": "boolean"
                  },
                  "{Thumbnail}": {
                    "type": "object",
                    "properties": {
                      "Large": {},
                      "Medium": {},
                      "Small": {}
                    }
                  },
                  "{Link}": {
                    "type": "string"
                  },
                  "{Name}": {
                    "type": "string"
                  },
                  "{FilenameWithExtension}": {
                    "type": "string"
                  },
                  "{Path}": {
                    "type": "string"
                  },
                  "{FullPath}": {
                    "type": "string"
                  },
                  "{HasAttachments}": {
                    "type": "boolean"
                  },
                  "{VersionNumber}": {
                    "type": "string"
                  },
                  "Office365Group": {
                    "type": "object",
                    "properties": {
                      "@@odata.type": {
                        "type": "string"
                      },
                      "Claims": {
                        "type": "string"
                      },
                      "DisplayName": {
                        "type": "string"
                      },
                      "Email": {
                        "type": "string"
                      },
                      "Picture": {
                        "type": "string"
                      },
                      "Department": {
                        "type": "string"
                      },
                      "JobTitle": {}
                    }
                  },
                  "Office365Group#Claims": {
                    "type": "string"
                  },
                  "AppID": {
                    "type": "string"
                  },
                  "AppUpdate": {
                    "type": "string"
                  },
                  "Category": {
                    "type": "string"
                  },
                  "AgencyFilter": {
                    "type": "string"
                  }
                },
                "required": [
                  "@@odata.etag",
                  "ItemInternalId",
                  "ID",
                  "Title",
                  "AppStatus",
                  "AppStatus#Id",
                  "Created",
                  "AppUrl",
                  "AppDescription",
                  "AppOwner",
                  "AppOwner#Claims",
                  "Audience",
                  "LicenseDesignation",
                  "AppType",
                  "Modified",
                  "Author",
                  "Author#Claims",
                  "Editor",
                  "Editor#Claims",
                  "{Identifier}",
                  "{IsFolder}",
                  "{Thumbnail}",
                  "{Link}",
                  "{Name}",
                  "{FilenameWithExtension}",
                  "{Path}",
                  "{FullPath}",
                  "{HasAttachments}",
                  "{VersionNumber}"
                ]
              }
            }
          }
        },
        "Apply_to_each": {
          "foreach": "@body('Parse_JSON')",
          "actions": {
            "Get_App": {
              "runAfter": {},
              "metadata": {
                "operationMetadataId": "2c3f3e9f-b25e-499f-beb3-1eef33574f16"
              },
              "type": "OpenApiConnection",
              "inputs": {
                "host": {
                  "connectionName": "shared_powerappsforappmakers",
                  "operationId": "Get-App",
                  "apiId": "/providers/Microsoft.PowerApps/apis/shared_powerappsforappmakers"
                },
                "parameters": {
                  "app": "@items('Apply_to_each')?['AppID']",
                  "api-version": "2016-11-01"
                },
                "authentication": "@parameters('$authentication')"
              }
            },
            "Update_item_2": {
              "runAfter": {
                "Get_App": [
                  "Succeeded"
                ]
              },
              "metadata": {
                "operationMetadataId": "6ae04780-090a-4ecc-b2f0-c8658292a676"
              },
              "type": "OpenApiConnection",
              "inputs": {
                "host": {
                  "connectionName": "shared_sharepointonline",
                  "operationId": "PatchItem",
                  "apiId": "/providers/Microsoft.PowerApps/apis/shared_sharepointonline"
                },
                "parameters": {
                  "dataset": "https://gov210645.sharepoint.com/sites/PowerAppControlCenter",
                  "table": "36cfd937-a9d9-432e-956e-5b18915a7775",
                  "id": "@items('Apply_to_each')['ID']",
                  "item/Title": "@items('Apply_to_each')['Title']",
                  "item/AppUrl": "@items('Apply_to_each')['AppUrl']",
                  "item/AppDescription": "@items('Apply_to_each')['AppDescription']",
                  "item/Audience": "@items('Apply_to_each')['Audience']",
                  "item/AppType": "@items('Apply_to_each')['AppType']",
                  "item/AppOwner/Claims": "@items('Apply_to_each')['AppOwner#Claims']",
                  "item/AgencyFilter": "@items('Apply_to_each')?['AgencyFilter']",
                  "item/Office365Group/Claims": "@items('Apply_to_each')?['Office365Group#Claims']",
                  "item/LicenseDesignation": "@items('Apply_to_each')['LicenseDesignation']",
                  "item/AppID": "@items('Apply_to_each')?['AppID']",
                  "item/AppVersion": "@outputs('Get_App')?['body/properties/appVersion']",
                  "item/AppUpdate": "@outputs('Get_App')?['body/tags/publisherVersion']",
                  "item/Category": "@items('Apply_to_each')?['Category']"
                },
                "authentication": "@parameters('$authentication')"
              }
            }
          },
          "runAfter": {
            "Parse_JSON": [
              "Succeeded"
            ]
          },
          "metadata": {
            "operationMetadataId": "15cf1e1d-a293-4112-bb1c-6f91a629dc00"
          },
          "type": "Foreach"
        }
      }
    },
    "templateName": ""
  },
  "schemaVersion": "1.0.0.0"
}