{"schemaVersion":"1.0","appDefinitionTemplate":{"id":"/providers/Microsoft.PowerApps/apps/","type":"Microsoft.PowerApps/apps","tags":{"primaryDeviceWidth":"1366","primaryDeviceHeight":"768","supportsPortrait":"true","supportsLandscape":"true","primaryFormFactor":"Tablet","publisherVersion":"3.22121.19","minimumRequiredApiVersion":"2.2.0","hasComponent":"true","hasUnlockedComponent":"true","isUnifiedRootApp":"false","sienaVersion":"20221228T215221Z-3.22121.19.0"},"properties":{"appVersion":"2022-12-28T21:52:21Z","lifeCycleId":"Published","createdByClientVersion":{"major":3,"minor":22121,"build":19,"revision":0,"majorRevision":0,"minorRevision":0},"minClientVersion":{"major":3,"minor":22121,"build":19,"revision":0,"majorRevision":0,"minorRevision":0},"backgroundColor":"rgba(202, 202, 202, 1)","backgroundImageUri":"/17505768707626299759/N62f72e99-23f7-4296-b9fd-adebcac1f0ff-logoSmallFile","displayName":"Launch Pad","description":"Launch Pad App is hub for launching Apps and websites.","commitMessage":"","appUris":{"documentUri":{"value":"/17505768707626299759/N3d08119b-a7d2-4487-916d-c6f1725fcefb-document.msapp"},"imageUris":[],"additionalUris":[]},"createdTime":"0001-01-01T00:00:00Z","lastModifiedTime":"0001-01-01T00:00:00Z","sharedGroupsCount":0,"sharedUsersCount":0,"icons":{"smallIconUri":"/17505768707626299759/N55d591ca-4f17-4745-95b0-75b9893db663-small.png","mediumIconUri":"/17505768707626299759/N657ed58b-033e-4d9f-b794-aa2bccc08108-medium.png","largeIconUri":"/17505768707626299759/Ne3dca0c4-b0cb-4f83-9110-5a6b037c1454-large.png","wideIconUri":"/17505768707626299759/N96a4ed0b-f286-4573-a83c-41ddd8b48af3-wide.png"},"connectionReferences":{"5e017c69-1867-4bad-bd80-775b11b7f4c6":{"id":"c282ecf1-1578-4b49-9e7a-69286c230a50","displayName":"SharePoint","iconUri":"https://connectoricons-prod.azureedge.net/u/juanq/gateway/greyhound/3000.150.11/1.0.1613.3116/sharepointonline/icon.png","dataSources":["Company App Catalog"],"dependencies":[],"dependents":[],"parameterHints":{},"parameterHintsV2":{},"isOnPremiseConnection":false,"bypassConsent":false,"dataSets":{"https://gov210645.sharepoint.com/sites/PowerAppControlCenter":{"dataSources":{"Company App Catalog":{"tableName":"f1503b64-8538-4c86-95bd-0821a8bdb1be"}}}},"apiTier":"Standard","isCustomApiConnection":false,"actions":["providers/PowerPlatform.Governance/Operations/Read","providers/PowerPlatform.Governance/Operations/Write","providers/PowerPlatform.Governance/Operations/Delete"]},"21c2e5af-17c3-4913-aad7-e848bbd08a2e":{"id":"5edd7c09-038c-4b27-ad83-fc3df1c9f91a","displayName":"Office 365 Users","iconUri":"https://connectoricons-prod.azureedge.net/releases/v1.0.1611/1.0.1611.3104/office365users/icon.png","dataSources":["Office365Users"],"dependencies":[],"dependents":[],"parameterHints":{},"parameterHintsV2":{},"isOnPremiseConnection":false,"bypassConsent":false,"dataSets":{},"apiTier":"Standard","isCustomApiConnection":false,"actions":["UserProfile"]},"e8bc5507-e4d6-4bca-99bc-26585b969dea":{"id":"676d135e-6803-4f68-9026-a66588cc62a8","displayName":"Power Apps for Admins","iconUri":"https://connectoricons-prod.azureedge.net/releases/v1.0.1591/1.0.1591.2961/powerappsforadmins/icon.png","dataSources":["PowerAppsforAdmins"],"dependencies":[],"dependents":[],"parameterHints":{},"parameterHintsV2":{},"isOnPremiseConnection":false,"bypassConsent":false,"dataSets":{},"apiTier":"Standard","isCustomApiConnection":false},"cb911f22-b067-419b-a988-492b376c3f76":{"id":"98b3257b-7730-4380-8f07-dbb34faf682c","displayName":"Power Apps for Makers","iconUri":"https://connectoricons-prod.azureedge.net/releases/v1.0.1551/1.0.1551.2693/powerappsforappmakers/icon.png","dataSources":["PowerAppsforMakers"],"dependencies":[],"dependents":[],"parameterHints":{},"parameterHintsV2":{},"isOnPremiseConnection":false,"bypassConsent":false,"dataSets":{},"apiTier":"Standard","isCustomApiConnection":false}},"databaseReferences":{},"almMode":"Environment","performanceOptimizationEnabled":true,"canConsumeAppPass":true,"enableModernRuntimeMode":false,"executionRestrictions":{"isTeamsOnly":false,"dataLossPreventionEvaluationResult":{"status":"Compliant","lastEvaluationDate":"2022-12-08T02:49:07.6891065Z","violations":[],"violationsByPolicy":[],"violationErrorMessage":"The app uses the following connectors: shared_sharepointonline, shared_office365users, shared_powerappsforadmins, shared_powerappsforappmakers."}}},"appType":"ClassicCanvasApp","appComponents":[]}}