{
  "properties": {
    "connectionReferences": {
      "shared_sharepointonline": {
        "runtimeSource": "invoker",
        "connection": {
          "connectionReferenceLogicalName": "new_sharedsharepointonline_88c93"
        },
        "api": {
          "name": "shared_sharepointonline"
        }
      }
    },
    "definition": {
      "$schema": "https://schema.management.azure.com/providers/Microsoft.Logic/schemas/2016-06-01/workflowdefinition.json#",
      "contentVersion": "1.0.0.0",
      "parameters": {
        "$connections": {
          "defaultValue": {},
          "type": "Object"
        },
        "$authentication": {
          "defaultValue": {},
          "type": "SecureObject"
        }
      },
      "triggers": {
        "manual": {
          "metadata": {
            "operationMetadataId": "ed88e04f-b76d-447d-8b41-c034e13c42b6"
          },
          "type": "Request",
          "kind": "Button",
          "inputs": {
            "schema": {
              "type": "object",
              "properties": {
                "text": {
                  "title": "SiteUrl",
                  "type": "string",
                  "x-ms-dynamically-added": true,
                  "description": "Please provide your site url",
                  "x-ms-content-hint": "TEXT"
                }
              },
              "required": [
                "text"
              ]
            }
          }
        }
      },
      "actions": {
        "Compose": {
          "runAfter": {},
          "metadata": {
            "operationMetadataId": "c8f8f082-cc90-44f4-bf12-29701fb8188e"
          },
          "type": "Compose",
          "inputs": {
            "d": {
              "GetSiteScriptFromList": "{\r\n  \"$schema\": \"https://developer.microsoft.com/json-schemas/sp/site-design-script-actions.schema.json\",\r\n  \"actions\": [\r\n    {\r\n      \"verb\": \"createSPList\",\r\n      \"listName\": \"LaunchPadApp\",\r\n      \"templateType\": 100,\r\n      \"color\": \"0\",\r\n      \"icon\": \"11\",\r\n      \"subactions\": [\r\n        {\r\n          \"verb\": \"addSPFieldXml\",\r\n          \"schemaXml\": \"<Field ID=\\\"{fa564e0f-0c70-4ab9-b863-0177e6ddd247}\\\" Type=\\\"Text\\\" Name=\\\"Title\\\" DisplayName=\\\"Title\\\" Required=\\\"TRUE\\\" SourceID=\\\"http://schemas.microsoft.com/sharepoint/v3\\\" StaticName=\\\"Title\\\" FromBaseType=\\\"TRUE\\\" MaxLength=\\\"255\\\" />\"\r\n        },\r\n        {\r\n          \"verb\": \"addSPFieldXml\",\r\n          \"schemaXml\": \"<Field ClientSideComponentId=\\\"00000000-0000-0000-0000-000000000000\\\" DisplayName=\\\"App Url\\\" Format=\\\"Dropdown\\\" MaxLength=\\\"255\\\" Name=\\\"AppUrl\\\" Required=\\\"TRUE\\\" Title=\\\"App Url\\\" Type=\\\"Text\\\" ID=\\\"{dedaa580-1444-48db-8296-ae2dd1a38013}\\\" StaticName=\\\"AppUrl\\\" />\"\r\n        },\r\n        {\r\n          \"verb\": \"addSPFieldXml\",\r\n          \"schemaXml\": \"<Field AppendOnly=\\\"FALSE\\\" ClientSideComponentId=\\\"00000000-0000-0000-0000-000000000000\\\" DisplayName=\\\"App Description\\\" Format=\\\"Dropdown\\\" IsolateStyles=\\\"FALSE\\\" Name=\\\"AppDescription\\\" Required=\\\"TRUE\\\" RichText=\\\"FALSE\\\" RichTextMode=\\\"Compatible\\\" Title=\\\"App Description\\\" Type=\\\"Note\\\" ID=\\\"{ba51c15b-2909-4dce-8927-e451e005bad8}\\\" StaticName=\\\"AppDescription\\\" />\"\r\n        },\r\n        {\r\n          \"verb\": \"addSPFieldXml\",\r\n          \"schemaXml\": \"<Field ClientSideComponentId=\\\"00000000-0000-0000-0000-000000000000\\\" DisplayName=\\\"App Owner\\\" Format=\\\"Dropdown\\\" List=\\\"UserInfo\\\" Name=\\\"AppOwner\\\" ShowField=\\\"ImnName\\\" Title=\\\"App Owner\\\" Type=\\\"User\\\" UserSelectionMode=\\\"1\\\" UserSelectionScope=\\\"0\\\" ID=\\\"{04da7719-e962-4a61-80b1-24e05e956827}\\\" StaticName=\\\"AppOwner\\\" Hidden=\\\"FALSE\\\" PITarget=\\\"\\\" PrimaryPITarget=\\\"\\\" PIAttribute=\\\"\\\" PrimaryPIAttribute=\\\"\\\" Aggregation=\\\"\\\" Node=\\\"\\\" />\"\r\n        },\r\n        {\r\n          \"verb\": \"addSPFieldXml\",\r\n          \"schemaXml\": \"<Field ClientSideComponentId=\\\"00000000-0000-0000-0000-000000000000\\\" CustomFormatter=\\\"{&quot;elmType&quot;:&quot;div&quot;,&quot;style&quot;:{&quot;flex-wrap&quot;:&quot;wrap&quot;,&quot;display&quot;:&quot;flex&quot;},&quot;children&quot;:[{&quot;elmType&quot;:&quot;div&quot;,&quot;style&quot;:{&quot;box-sizing&quot;:&quot;border-box&quot;,&quot;padding&quot;:&quot;4px 8px 5px 8px&quot;,&quot;overflow&quot;:&quot;hidden&quot;,&quot;text-overflow&quot;:&quot;ellipsis&quot;,&quot;display&quot;:&quot;flex&quot;,&quot;border-radius&quot;:&quot;16px&quot;,&quot;height&quot;:&quot;24px&quot;,&quot;align-items&quot;:&quot;center&quot;,&quot;white-space&quot;:&quot;nowrap&quot;,&quot;margin&quot;:&quot;4px 4px 4px 4px&quot;},&quot;attributes&quot;:{&quot;class&quot;:{&quot;operator&quot;:&quot;:&quot;,&quot;operands&quot;:[{&quot;operator&quot;:&quot;==&quot;,&quot;operands&quot;:[&quot;[$AppStatus]&quot;,&quot;Active&quot;]},&quot;sp-css-backgroundColor-BgCornflowerBlue sp-css-color-CornflowerBlueFont&quot;,{&quot;operator&quot;:&quot;:&quot;,&quot;operands&quot;:[{&quot;operator&quot;:&quot;==&quot;,&quot;operands&quot;:[&quot;[$AppStatus]&quot;,&quot;Inactive&quot;]},&quot;sp-css-backgroundColor-BgMintGreen sp-css-color-MintGreenFont&quot;,{&quot;operator&quot;:&quot;:&quot;,&quot;operands&quot;:[{&quot;operator&quot;:&quot;==&quot;,&quot;operands&quot;:[&quot;[$AppStatus]&quot;,&quot;Retired&quot;]},&quot;sp-css-backgroundColor-BgGold sp-css-color-GoldFont&quot;,{&quot;operator&quot;:&quot;:&quot;,&quot;operands&quot;:[{&quot;operator&quot;:&quot;==&quot;,&quot;operands&quot;:[&quot;[$AppStatus]&quot;,&quot;&quot;]},&quot;&quot;,{&quot;operator&quot;:&quot;:&quot;,&quot;operands&quot;:[{&quot;operator&quot;:&quot;==&quot;,&quot;operands&quot;:[&quot;[$AppStatus]&quot;,&quot;Maintenance&quot;]},&quot;sp-field-borderAllRegular sp-field-borderAllSolid sp-css-borderColor-neutralSecondary&quot;,&quot;sp-field-borderAllRegular sp-field-borderAllSolid sp-css-borderColor-neutralSecondary&quot;]}]}]}]}]}},&quot;txtContent&quot;:&quot;[$AppStatus]&quot;}],&quot;templateId&quot;:&quot;BgColorChoicePill&quot;}\\\" DisplayName=\\\"AppStatus\\\" FillInChoice=\\\"FALSE\\\" Format=\\\"Dropdown\\\" Name=\\\"AppStatus\\\" Title=\\\"AppStatus\\\" Type=\\\"Choice\\\" ID=\\\"{2c616f74-f09d-4ee6-83ac-ebec3416a5f6}\\\" StaticName=\\\"AppStatus\\\"><CHOICES><CHOICE>Active</CHOICE><CHOICE>Maintenance</CHOICE><CHOICE>Inactive</CHOICE><CHOICE>Retired</CHOICE></CHOICES><Default>Active</Default></Field>\"\r\n        },\r\n        {\r\n          \"verb\": \"addSPFieldXml\",\r\n          \"schemaXml\": \"<Field ClientSideComponentId=\\\"00000000-0000-0000-0000-000000000000\\\" CustomFormatter=\\\"{&quot;elmType&quot;:&quot;div&quot;,&quot;style&quot;:{&quot;flex-wrap&quot;:&quot;wrap&quot;,&quot;display&quot;:&quot;flex&quot;},&quot;children&quot;:[{&quot;elmType&quot;:&quot;div&quot;,&quot;style&quot;:{&quot;box-sizing&quot;:&quot;border-box&quot;,&quot;padding&quot;:&quot;4px 8px 5px 8px&quot;,&quot;overflow&quot;:&quot;hidden&quot;,&quot;text-overflow&quot;:&quot;ellipsis&quot;,&quot;display&quot;:&quot;flex&quot;,&quot;border-radius&quot;:&quot;16px&quot;,&quot;height&quot;:&quot;24px&quot;,&quot;align-items&quot;:&quot;center&quot;,&quot;white-space&quot;:&quot;nowrap&quot;,&quot;margin&quot;:&quot;4px 4px 4px 4px&quot;},&quot;attributes&quot;:{&quot;class&quot;:{&quot;operator&quot;:&quot;:&quot;,&quot;operands&quot;:[{&quot;operator&quot;:&quot;==&quot;,&quot;operands&quot;:[&quot;@currentField&quot;,&quot;Statewide&quot;]},&quot;sp-css-backgroundColor-BgCornflowerBlue sp-field-fontSizeSmall sp-css-color-CornflowerBlueFont&quot;,{&quot;operator&quot;:&quot;:&quot;,&quot;operands&quot;:[{&quot;operator&quot;:&quot;==&quot;,&quot;operands&quot;:[&quot;@currentField&quot;,&quot;Agency&quot;]},&quot;sp-css-backgroundColor-BgMintGreen sp-field-fontSizeSmall sp-css-color-MintGreenFont&quot;,{&quot;operator&quot;:&quot;:&quot;,&quot;operands&quot;:[{&quot;operator&quot;:&quot;==&quot;,&quot;operands&quot;:[&quot;@currentField&quot;,&quot;&quot;]},&quot;&quot;,&quot;sp-field-borderAllRegular sp-field-borderAllSolid sp-css-borderColor-neutralSecondary&quot;]}]}]}},&quot;txtContent&quot;:&quot;@currentField&quot;}],&quot;templateId&quot;:&quot;BgColorChoicePill&quot;}\\\" DisplayName=\\\"Audience\\\" Format=\\\"Dropdown\\\" MaxLength=\\\"255\\\" Name=\\\"Audience\\\" Required=\\\"TRUE\\\" Title=\\\"Audience\\\" Type=\\\"Text\\\" ID=\\\"{4ff6ca26-cc28-4a89-9527-9e73dd3b93a6}\\\" StaticName=\\\"Audience\\\" />\"\r\n        },\r\n        {\r\n          \"verb\": \"addSPFieldXml\",\r\n          \"schemaXml\": \"<Field DisplayName=\\\"AgencyFilter\\\" Format=\\\"Dropdown\\\" IsModern=\\\"TRUE\\\" MaxLength=\\\"255\\\" Name=\\\"AgencyFilter\\\" Title=\\\"AgencyFilter\\\" Type=\\\"Text\\\" ID=\\\"{c013c92b-c7e6-482f-ab27-da8914eb8ac3}\\\" StaticName=\\\"AgencyFilter\\\" Description=\\\"Filter can be Department or Company from Azure AD or Email Domain\\\" CustomFormatter=\\\"\\\" Required=\\\"FALSE\\\" EnforceUniqueValues=\\\"FALSE\\\" Indexed=\\\"FALSE\\\" />\"\r\n        },\r\n        {\r\n          \"verb\": \"addSPFieldXml\",\r\n          \"schemaXml\": \"<Field DisplayName=\\\"Office365Group\\\" Format=\\\"Dropdown\\\" IsModern=\\\"TRUE\\\" List=\\\"UserInfo\\\" Name=\\\"Office365Group\\\" Title=\\\"Office365Group\\\" Type=\\\"User\\\" UserSelectionMode=\\\"1\\\" UserSelectionScope=\\\"0\\\" ID=\\\"{800f4d12-9dd8-422d-92d0-da0f70ca2a74}\\\" StaticName=\\\"Office365Group\\\" />\"\r\n        },\r\n        {\r\n          \"verb\": \"addSPFieldXml\",\r\n          \"schemaXml\": \"<Field DisplayName=\\\"License Designation\\\" Format=\\\"Dropdown\\\" IsModern=\\\"TRUE\\\" MaxLength=\\\"255\\\" Name=\\\"LicenseDesignation\\\" Title=\\\"License Designation\\\" Type=\\\"Text\\\" ID=\\\"{ed3e2166-f8f8-49cb-832f-e0cad056b9a4}\\\" StaticName=\\\"LicenseDesignation\\\" />\"\r\n        },\r\n        {\r\n          \"verb\": \"addSPFieldXml\",\r\n          \"schemaXml\": \"<Field DisplayName=\\\"AppID\\\" Format=\\\"Dropdown\\\" IsModern=\\\"TRUE\\\" MaxLength=\\\"255\\\" Name=\\\"AppID\\\" Title=\\\"AppID\\\" Type=\\\"Text\\\" ID=\\\"{3b7ec2ea-8678-49c9-8d61-ea4cad8786be}\\\" StaticName=\\\"AppID\\\" />\"\r\n        },\r\n        {\r\n          \"verb\": \"addSPFieldXml\",\r\n          \"schemaXml\": \"<Field ClientSideComponentId=\\\"00000000-0000-0000-0000-000000000000\\\" DisplayName=\\\"AppType\\\" Format=\\\"Dropdown\\\" MaxLength=\\\"255\\\" Name=\\\"AppType\\\" Required=\\\"TRUE\\\" Title=\\\"AppType\\\" Type=\\\"Text\\\" ID=\\\"{f845a8f9-69d1-4e73-801f-3154c0ffd4af}\\\" StaticName=\\\"AppType\\\" />\"\r\n        },\r\n        {\r\n          \"verb\": \"addSPFieldXml\",\r\n          \"schemaXml\": \"<Field DisplayName=\\\"AppVersion\\\" Format=\\\"Dropdown\\\" IsModern=\\\"TRUE\\\" MaxLength=\\\"255\\\" Name=\\\"AppVersion\\\" Title=\\\"AppVersion\\\" Type=\\\"Text\\\" ID=\\\"{381db369-e030-4dcd-934a-e77d89865478}\\\" StaticName=\\\"AppVersion\\\" />\"\r\n        },\r\n        {\r\n          \"verb\": \"addSPFieldXml\",\r\n          \"schemaXml\": \"<Field DisplayName=\\\"AppUpdate\\\" Format=\\\"Dropdown\\\" IsModern=\\\"TRUE\\\" MaxLength=\\\"255\\\" Name=\\\"AppUpdate\\\" Title=\\\"AppUpdate\\\" Type=\\\"Text\\\" ID=\\\"{18f32bdc-3673-4cf5-983a-8a5a95455009}\\\" StaticName=\\\"AppUpdate\\\" />\"\r\n        },\r\n        {\r\n          \"verb\": \"addSPFieldXml\",\r\n          \"schemaXml\": \"<Field DisplayName=\\\"Category\\\" Format=\\\"Dropdown\\\" IsModern=\\\"TRUE\\\" MaxLength=\\\"255\\\" Name=\\\"Category\\\" Title=\\\"Category\\\" Type=\\\"Text\\\" ID=\\\"{8dc1edd5-e3e4-4793-98c8-da34ea41ff77}\\\" StaticName=\\\"Category\\\" />\"\r\n        },\r\n        {\r\n          \"verb\": \"addSPFieldXml\",\r\n          \"schemaXml\": \"<Field ID=\\\"{82642ec8-ef9b-478f-acf9-31f7d45fbc31}\\\" ReadOnly=\\\"TRUE\\\" Type=\\\"Computed\\\" Name=\\\"LinkTitle\\\" DisplayName=\\\"App Title\\\" DisplayNameSrcField=\\\"Title\\\" ClassInfo=\\\"Menu\\\" AuthoringInfo=\\\"(linked to item with edit menu)\\\" ListItemMenuAllowed=\\\"Required\\\" LinkToItemAllowed=\\\"Prohibited\\\" SourceID=\\\"http://schemas.microsoft.com/sharepoint/v3\\\" StaticName=\\\"LinkTitle\\\" FromBaseType=\\\"TRUE\\\" Sealed=\\\"FALSE\\\"><FieldRefs><FieldRef Name=\\\"Title\\\" /><FieldRef Name=\\\"LinkTitleNoMenu\\\" /><FieldRef Name=\\\"_EditMenuTableStart2\\\" /><FieldRef Name=\\\"_EditMenuTableEnd\\\" /></FieldRefs><DisplayPattern><FieldSwitch><Expr><GetVar Name=\\\"FreeForm\\\" /></Expr><Case Value=\\\"TRUE\\\"><Field Name=\\\"LinkTitleNoMenu\\\" /></Case><Default><HTML><![CDATA[<div class=\\\"ms-vb itx\\\" onmouseover=\\\"OnItem(this)\\\" CTXName=\\\"ctx]]></HTML><Field Name=\\\"_EditMenuTableStart2\\\" /><HTML><![CDATA[\\\">]]></HTML><Field Name=\\\"LinkTitleNoMenu\\\" /><HTML><![CDATA[</div>]]></HTML><HTML><![CDATA[<div class=\\\"s4-ctx\\\" onmouseover=\\\"OnChildItem(this.parentNode); return false;\\\">]]></HTML><HTML><![CDATA[<span>&nbsp;</span>]]></HTML><HTML><![CDATA[<a onfocus=\\\"OnChildItem(this.parentNode.parentNode); return false;\\\" onclick=\\\"PopMenuFromChevron(event); return false;\\\" href=\\\"javascript:;\\\" title=\\\"Open Menu\\\"></a>]]></HTML><HTML><![CDATA[<span>&nbsp;</span>]]></HTML><HTML><![CDATA[</div>]]></HTML></Default></FieldSwitch></DisplayPattern></Field>\"\r\n        },\r\n        {\r\n          \"verb\": \"addContentType\",\r\n          \"name\": \"Item\",\r\n          \"id\": \"0x01\",\r\n          \"fieldRefsXml\": [\r\n            \"<FieldRef ID=\\\"{fa564e0f-0c70-4ab9-b863-0177e6ddd247}\\\" Name=\\\"Title\\\" />\",\r\n            \"<FieldRef ID=\\\"{82642ec8-ef9b-478f-acf9-31f7d45fbc31}\\\" Name=\\\"LinkTitle\\\" DisplayName=\\\"App Title\\\" ReadOnly=\\\"TRUE\\\" />\",\r\n            \"<FieldRef ID=\\\"{dedaa580-1444-48db-8296-ae2dd1a38013}\\\" Name=\\\"AppUrl\\\" DisplayName=\\\"App Url\\\" Required=\\\"TRUE\\\" Format=\\\"Dropdown\\\" />\",\r\n            \"<FieldRef ID=\\\"{ba51c15b-2909-4dce-8927-e451e005bad8}\\\" Name=\\\"AppDescription\\\" DisplayName=\\\"App Description\\\" Required=\\\"TRUE\\\" Format=\\\"Dropdown\\\" />\",\r\n            \"<FieldRef ID=\\\"{04da7719-e962-4a61-80b1-24e05e956827}\\\" Name=\\\"AppOwner\\\" DisplayName=\\\"App Owner\\\" Hidden=\\\"FALSE\\\" PITarget=\\\"\\\" PrimaryPITarget=\\\"\\\" PIAttribute=\\\"\\\" PrimaryPIAttribute=\\\"\\\" Aggregation=\\\"\\\" Node=\\\"\\\" Format=\\\"Dropdown\\\" />\",\r\n            \"<FieldRef ID=\\\"{2c616f74-f09d-4ee6-83ac-ebec3416a5f6}\\\" Name=\\\"AppStatus\\\" DisplayName=\\\"AppStatus\\\" Format=\\\"Dropdown\\\" />\",\r\n            \"<FieldRef ID=\\\"{4ff6ca26-cc28-4a89-9527-9e73dd3b93a6}\\\" Name=\\\"Audience\\\" DisplayName=\\\"Audience\\\" Required=\\\"TRUE\\\" Format=\\\"Dropdown\\\" />\",\r\n            \"<FieldRef ID=\\\"{c013c92b-c7e6-482f-ab27-da8914eb8ac3}\\\" Name=\\\"AgencyFilter\\\" DisplayName=\\\"AgencyFilter\\\" Required=\\\"FALSE\\\" Format=\\\"Dropdown\\\" />\",\r\n            \"<FieldRef ID=\\\"{800f4d12-9dd8-422d-92d0-da0f70ca2a74}\\\" Name=\\\"Office365Group\\\" />\",\r\n            \"<FieldRef ID=\\\"{ed3e2166-f8f8-49cb-832f-e0cad056b9a4}\\\" Name=\\\"LicenseDesignation\\\" />\",\r\n            \"<FieldRef ID=\\\"{3b7ec2ea-8678-49c9-8d61-ea4cad8786be}\\\" Name=\\\"AppID\\\" />\",\r\n            \"<FieldRef ID=\\\"{f845a8f9-69d1-4e73-801f-3154c0ffd4af}\\\" Name=\\\"AppType\\\" DisplayName=\\\"AppType\\\" Required=\\\"TRUE\\\" Format=\\\"Dropdown\\\" />\",\r\n            \"<FieldRef ID=\\\"{381db369-e030-4dcd-934a-e77d89865478}\\\" Name=\\\"AppVersion\\\" />\",\r\n            \"<FieldRef ID=\\\"{18f32bdc-3673-4cf5-983a-8a5a95455009}\\\" Name=\\\"AppUpdate\\\" />\",\r\n            \"<FieldRef ID=\\\"{8dc1edd5-e3e4-4793-98c8-da34ea41ff77}\\\" Name=\\\"Category\\\" />\"\r\n          ]\r\n        },\r\n        {\r\n          \"verb\": \"addContentType\",\r\n          \"name\": \"Folder\",\r\n          \"id\": \"0x0120\"\r\n        },\r\n        {\r\n          \"verb\": \"addSPView\",\r\n          \"name\": \"All Items\",\r\n          \"viewFields\": [\r\n            \"AppStatus\",\r\n            \"Created\",\r\n            \"LinkTitle\",\r\n            \"AppUrl\",\r\n            \"AppDescription\",\r\n            \"AppOwner\",\r\n            \"Audience\",\r\n            \"AgencyFilter\",\r\n            \"Office365Group\",\r\n            \"LicenseDesignation\",\r\n            \"AppID\",\r\n            \"AppType\",\r\n            \"AppVersion\",\r\n            \"AppUpdate\",\r\n            \"Category\"\r\n          ],\r\n          \"query\": \"\",\r\n          \"rowLimit\": 30,\r\n          \"isPaged\": true,\r\n          \"makeDefault\": true,\r\n          \"formatterJSON\": \"\",\r\n          \"replaceViewFields\": true\r\n        }\r\n      ]\r\n    }\r\n  ]\r\n}"
            }
          }
        },
        "Parse_JSON": {
          "runAfter": {
            "Compose": [
              "Succeeded"
            ]
          },
          "metadata": {
            "operationMetadataId": "81503a24-7586-4984-b654-a200f0a2b944"
          },
          "type": "ParseJson",
          "inputs": {
            "content": "@outputs('Compose')?['d']?['GetSiteScriptFromList']",
            "schema": {
              "type": "object",
              "properties": {
                "d": {
                  "type": "object",
                  "properties": {
                    "GetSiteScriptFromList": {
                      "type": "string"
                    }
                  }
                }
              }
            }
          }
        },
        "Send_an_HTTP_request_to_SharePoint": {
          "runAfter": {
            "Parse_JSON": [
              "Succeeded"
            ]
          },
          "metadata": {
            "operationMetadataId": "819bad89-23ed-45e7-bd27-6762e1ae4141"
          },
          "type": "OpenApiConnection",
          "inputs": {
            "host": {
              "connectionName": "shared_sharepointonline",
              "operationId": "HttpRequest",
              "apiId": "/providers/Microsoft.PowerApps/apis/shared_sharepointonline"
            },
            "parameters": {
              "dataset": "@triggerBody()['text']",
              "parameters/method": "POST",
              "parameters/uri": "_api/Microsoft.Sharepoint.Utilities.WebTemplateExtensions.SiteScriptUtility.ExecuteTemplateScript()",
              "parameters/headers": {
                "accept": "application/json;odata=verbose",
                "content-type": "application/json;odata=verbose"
              },
              "parameters/body": "{\"script\": \"{\\\"actions\\\":@{replace(replace(string(body('Parse_JSON')?['actions']),'\\','\\\\'),'\"','\\\"')}}\"}"
            },
            "authentication": {
              "type": "Raw",
              "value": "@json(decodeBase64(triggerOutputs().headers['X-MS-APIM-Tokens']))['$ConnectionKey']"
            }
          }
        }
      }
    },
    "templateName": null
  },
  "schemaVersion": "1.0.0.0"
}