{"schemaVersion":"1.0","appDefinitionTemplate":{"id":"/providers/Microsoft.PowerApps/apps/","type":"Microsoft.PowerApps/apps","tags":{"primaryDeviceWidth":"1366","primaryDeviceHeight":"768","supportsPortrait":"true","supportsLandscape":"true","primaryFormFactor":"Tablet","publisherVersion":"3.23013.17","minimumRequiredApiVersion":"2.2.0","hasComponent":"true","hasUnlockedComponent":"true","isUnifiedRootApp":"false","sienaVersion":"20230203T224918Z-3.23013.17.0"},"properties":{"appVersion":"2023-02-03T22:49:18Z","lifeCycleId":"Published","createdByClientVersion":{"major":3,"minor":23013,"build":17,"revision":0,"majorRevision":0,"minorRevision":0},"minClientVersion":{"major":3,"minor":23013,"build":17,"revision":0,"majorRevision":0,"minorRevision":0},"backgroundColor":"rgba(202, 202, 202, 1)","backgroundImageUri":"/17505768707626299759/Nfb2192c5-e05a-49b1-9a4e-4298fbc5bd9a-logoSmallFile","displayName":"Launch Pad","description":"Launch Pad App is hub for launching Apps and websites.","commitMessage":"","appUris":{"documentUri":{"value":"/17505768707626299759/N4ea115cf-ea7a-4855-90aa-6da557565e8e-document.msapp"},"imageUris":[],"additionalUris":[]},"createdTime":"0001-01-01T00:00:00Z","lastModifiedTime":"0001-01-01T00:00:00Z","sharedGroupsCount":0,"sharedUsersCount":0,"icons":{"smallIconUri":"/17505768707626299759/N9fe3b4d2-f3de-459b-8765-a0a6d1244065-small.png","mediumIconUri":"/17505768707626299759/N41889870-1fc3-4df4-9446-3d4c98942cd5-medium.png","largeIconUri":"/17505768707626299759/N5c0b797c-92da-43e6-8446-af9582c83976-large.png","wideIconUri":"/17505768707626299759/N7eee2b55-413a-495f-9c83-a130233433f4-wide.png"},"connectionReferences":{"5e017c69-1867-4bad-bd80-775b11b7f4c6":{"id":"c282ecf1-1578-4b49-9e7a-69286c230a50","displayName":"SharePoint","iconUri":"https://connectoricons-prod.azureedge.net/u/juanq/gateway/greyhound/3000.150.11/1.0.1613.3116/sharepointonline/icon.png","dataSources":["LaunchPadApp"],"dependencies":[],"dependents":[],"parameterHints":{},"parameterHintsV2":{},"isOnPremiseConnection":false,"bypassConsent":false,"dataSets":{"https://gov210645.sharepoint.com/sites/PowerAppControlCenter":{"dataSources":{"LaunchPadApp":{"tableName":"36cfd937-a9d9-432e-956e-5b18915a7775"}}}},"apiTier":"Standard","isCustomApiConnection":false,"actions":["providers/PowerPlatform.Governance/Operations/Read","providers/PowerPlatform.Governance/Operations/Write","providers/PowerPlatform.Governance/Operations/Delete"]},"21c2e5af-17c3-4913-aad7-e848bbd08a2e":{"id":"5edd7c09-038c-4b27-ad83-fc3df1c9f91a","displayName":"Office 365 Users","iconUri":"https://connectoricons-prod.azureedge.net/releases/v1.0.1611/1.0.1611.3104/office365users/icon.png","dataSources":["Office365Users"],"dependencies":[],"dependents":[],"parameterHints":{},"parameterHintsV2":{},"isOnPremiseConnection":false,"bypassConsent":false,"dataSets":{},"apiTier":"Standard","isCustomApiConnection":false,"actions":["UserProfile"]},"e8bc5507-e4d6-4bca-99bc-26585b969dea":{"id":"676d135e-6803-4f68-9026-a66588cc62a8","displayName":"Power Apps for Admins","iconUri":"https://connectoricons-prod.azureedge.net/releases/v1.0.1591/1.0.1591.2961/powerappsforadmins/icon.png","dataSources":["PowerAppsforAdmins"],"dependencies":[],"dependents":[],"parameterHints":{},"parameterHintsV2":{},"isOnPremiseConnection":false,"bypassConsent":false,"dataSets":{},"apiTier":"Standard","isCustomApiConnection":false},"cb911f22-b067-419b-a988-492b376c3f76":{"id":"98b3257b-7730-4380-8f07-dbb34faf682c","displayName":"Power Apps for Makers","iconUri":"https://connectoricons-prod.azureedge.net/releases/v1.0.1551/1.0.1551.2693/powerappsforappmakers/icon.png","dataSources":["PowerAppsforMakers"],"dependencies":[],"dependents":[],"parameterHints":{},"parameterHintsV2":{},"isOnPremiseConnection":false,"bypassConsent":false,"dataSets":{},"apiTier":"Standard","isCustomApiConnection":false}},"databaseReferences":{},"almMode":"Environment","performanceOptimizationEnabled":true,"canConsumeAppPass":true,"enableModernRuntimeMode":false,"executionRestrictions":{"isTeamsOnly":false,"dataLossPreventionEvaluationResult":{"status":"Compliant","lastEvaluationDate":"2022-12-08T02:49:07.6891065Z","violations":[],"violationsByPolicy":[],"violationErrorMessage":"The app uses the following connectors: shared_sharepointonline, shared_office365users, shared_powerappsforadmins, shared_powerappsforappmakers."}}},"appType":"ClassicCanvasApp","appComponents":[]}}